chapter_number,title,page_number
I,ON THE BANKS OF THE ORANGE RIVER.,19
II,"OFFICIAL PRESENTATIONS,",33
III,THE LAND JOURNEY.,45
V,A HOTTENTOT VILLAGE.,67
VI,"BETTER ACQUAINTANCE,",81
VII,"THE BASE OF THE TRIANGLE,",95
VIII,THE TWENTY-FOURTH MERIDIAN.,111
X,THE RAPID.,141
XI,A MISSING COMPANION.,150
XII,"A STATION TO SIR JOHN’S LIKING,",164
XIII,"PACIFICATION BY FIRE,",183
XIV,A DECLARATION OF WAR.,197
XV,"A GEOMETRIC PROGRESSION,",210
XVI,DANGER IN DISGUISE.,222
XIX,SCIENCE UNDAUNTED.,271
XXX,STANDING A SIEGE.,283
XXI,SUSPENSE.,298
XXII,HIDE AND SEEK.,313
XXIII,HOMEWARD BOUND.,331
I,MY UNCLE MAKES A GREAT DISCOVERY.,351
II,THE MYSTERIOUS PARCHMENT.,360
III,AN ASTOUNDING DISCOVERY.,367
IV,WE START ON THE JOURNEY.,380
V,FIRST LESSONS IN CLIMBING.,385
VI,OUR VOYAGE TO ICELAND.,389
VII,CONVERSATION AND DISCOVERY.,396
VIII,THE EIDER-DOWN HUNTER.—OFF AT LAST.,401
IX,START—WE MEET WITH ADVENTURES BY THE,413
X,TRAVELLING IN ICELAND—THE LEPERS.,420
XI,WE REACH MOUNT SNEFFELS.—THE “REYKIR.”,426
XIII,THE SHADOW OF SCARTARIS.,444
XIV,"THE REAL JOURNEY COMMENCES,",452
XV,WE CONTINUE OUR DESCENT.,461
XVI,THE EASTERN TUNNEL.,468
XVII,DEEPER AND DEEPER—THE COAL MINE.,475
XVIII,THE WRONG ROAD!,482
XIX,THE WESTERN GALLERY—A NEW ROUTE.,490
XX,"WATER, WHERE IS IT? A BITTER DISAPPOINTMENT.",494
XXII,UNDER THE OCEAN.,503
XXII,SUNDAY BELOW GROUND.,508
XXIII,"ALONE,",515
XXV,THE WHISPERING GALLERY.,524
XXVI,A RAPID RECOVERY.,534
XXVII,THE CENTRAL SEA.,540
XXVIII,LAUNCHING THE RAFT.,551
XXX,TERRIFIC SAURIAN COMBAT.,571
XXXI,THE SEA MONSTER.,581
XXXII,THE BATTLE OF THE ELEMENTS.,590
XXXIII,OUR ROUTE REVERSED.,600
XXXIV,A VOYAGE OF DISCOVERY.,609
XXXV,DISCOVERY UPON DISCOVERY.,615
XXXVI,WHAT IS IT?,623
XXXVI,THE MYSTERIOUS DAGGER.,630
XXXVIII,NO OUTLET—BLASTING THE ROCK.,635
XXXIX,THE EXPLOSION AND ITS RESULTS.,645
XL,THE APE GIGANS.,654
XLI,HUNGER.,662
XLII,THE VOLCANIC SHAFT.,670
XLIII,DAYLIGHT AT LAST.,681
XLIV,THE JOURNEY ENDED.,690
